locality,state
Eufaula,AK
Libbysville,AK
Sitka,AK
Auburn,AL
Birmingham,AL
Florence,AL
Gainesville,AL
Greensboro,AL
Huntsville,AL
La Grange,AL
Marion,AL
Mobile,AL
Montgomery,AL
Selma,AL
Talladaga,AL
Talladega,AL
Tuscaloosa,AL
Eagletown,AR
Eldorado,AR
Fayetteville,AR
Fort Smith,AR
Little Rock,AR
Van Buren,AR
NA,AR
Arivaca,AZ
Camp McDowell,AZ
Ft Grant,AZ
Ft. Bowie,AZ
Ft. Buchanan,AZ
Ft. Crittenden,AZ
Ft. Lowell,AZ
Ft. Mojave,AZ
Ft. Whipple,AZ
St. Joseph,AZ
Tucson,AZ
NA,AZ
Alameda,CA
Alvarado,CA
Anaheim,CA
Angel Island,CA
Antioch,CA
Arcata,CA
Auburn,CA
Bend City,CA
Benicia,CA
Benicio,CA
Berkeley,CA
Bodega,CA
Camp Gaston,CA
Can Carlos,CA
Cold Spring,CA
Cold Springs,CA
Colorna,CA
Columbia,CA
Colusa,CA
Cooperpolis,CA
Crescent City,CA
Davies,CA
Dolores,CA
Downieville,CA
Dutch Flat,CA
El Dorado,CA
Eureka,CA
Fresno,CA
Ft. Yuma,CA
Grass Valley,CA
Hawkin's Bar,CA
Heldsburg,CA
Jackson,CA
Jenny Lind,CA
Knight's Ferry,CA
Lafayette,CA
Locklord,CA
Los Angeles,CA
Marysville,CA
Maryville,CA
Mattole,CA
Mendocino,CA
Merkleville?,CA
Mokelumne Hill,CA
Monterey,CA
napa,CA
Napa,CA
Napa City,CA
Nevada City,CA
North San Juan,CA
Oakland,CA
Orange,CA
Oroville,CA
Orville,CA
Pacheco,CA
Petaluma,CA
Pine Grove,CA
Placerville,CA
Red Bluff,CA
Redwood City,CA
Rio Vista,CA
Sacramento,CA
San Andreas,CA
San Antonio,CA
San Bernardino,CA
San Buenaventura,CA
San Diego,CA
San Fernando,CA
San Francisco,CA
San Jose,CA
San Juan Bautista,CA
San Juan Capistrano,CA
San Lorenzo,CA
San Luis Obispo,CA
San Luis Rey,CA
San Quentin,CA
San Rafael,CA
San Raphael,CA
San Solano,CA
Santa Barbara,CA
Santa Clara,CA
Santa Cruz,CA
Santa Ine's,CA
Santa Inez,CA
Santa Rosa,CA
Sarcamento,CA
Sawyer's Bar,CA
Scott River,CA
shasta,CA
Shasta,CA
Soledad,CA
Sonoma,CA
Sonora,CA
Spanish Flat,CA
St. Louis,CA
Stables' Ranch,CA
Stockton,CA
Suisun,CA
Tomales,CA
Ukiah,CA
Uniontown,CA
Vacaville,CA
Vallejo,CA
Visalia,CA
Volcano,CA
Watsonville,CA
Weaverville,CA
"Whiskey Diggings, Sierra County",CA
Woodland,CA
Woodside,CA
Yreka,CA
NA,CA
Colorado Springs,CO
Denver,CO
Ft. Garland,CO
Ft. Lyon,CO
Ft. Sedgwick,CO
Golden,CO
Greeley,CO
Greeley (Union Colony),CO
Longmont,CO
Pueblo,CO
NA,CO
Abington,CT
Ansonia,CT
Ashford,CT
Avon,CT
Barkhamstead,CT
Barkhamsted,CT
Berlin,CT
Bethany,CT
Bethel,CT
Birmingham,CT
Bloomfield,CT
Bolton,CT
Bozrah,CT
Branford,CT
Bridgeport,CT
Bristol,CT
Brookfield,CT
Brooklyn,CT
Buckingham,CT
Burlington,CT
Canaan,CT
Canterbury,CT
Canton,CT
Chatham,CT
Cheshire,CT
Chesire,CT
Chester,CT
Clinton,CT
Colchester,CT
Colebrook,CT
Columbia,CT
Cornwall,CT
Coventry,CT
Danbury,CT
Danielsonville,CT
Darien,CT
Derby,CT
Durham,CT
East Guilford,CT
East Haddam,CT
East Hampton,CT
East Hartford,CT
East Haven,CT
East Lebanon,CT
East River,CT
East Windsor,CT
Ellington,CT
Enfield,CT
Fairfield,CT
Farmington,CT
Franklin,CT
Glastonbury,CT
Goshen,CT
Goshen and Nelson,CT
Granby,CT
Greens Farms,CT
Greenwich,CT
Griswold,CT
Groton,CT
Guildford,CT
Guilford,CT
"Guilford, Saybrook, Killingworth, and Lyme",CT
Haddam,CT
Hadlyme,CT
Hamden,CT
Hampton,CT
hartford,CT
Hartford,CT
Harwinton,CT
Hebron,CT
Kensington,CT
Kent,CT
Killingly,CT
Killingworth,CT
Lakeville,CT
Lebanon,CT
Ledyard,CT
Lisbon,CT
Litchfield,CT
Lyme,CT
Madison,CT
Mancheser,CT
Mansfield,CT
Meriden,CT
Middle Haddam,CT
Middlebury,CT
Middlefield,CT
Middletown,CT
Milford,CT
Montville,CT
Moodus,CT
Mount Pleasant,CT
Naugatuck,CT
New Britain,CT
New Cambridge,CT
New Fairfield,CT
New Hartford,CT
New Haven,CT
New London,CT
New Milford,CT
New Preston,CT
New Stratford,CT
Newfield,CT
Newington,CT
Newtown,CT
Norfolk,CT
North Coventry,CT
North Guilford,CT
North Haven,CT
North Killingworth,CT
North Stonington,CT
Northfield,CT
Northford,CT
Norwalk,CT
Norwich,CT
Oxford,CT
Pawcatuck,CT
Plainfield,CT
Plainville,CT
Plantsville,CT
Plymouth,CT
Pomfret,CT
Poquetanock,CT
Putnam,CT
Reading,CT
Ridgefield,CT
Ripon,CT
Rocky Hill,CT
Roxbury,CT
Salisbury,CT
Saybrook,CT
Seymour,CT
Sharon,CT
Simsbury,CT
Somers,CT
South Conventry,CT
South Manchester,CT
Southbury,CT
Southington,CT
Stafford,CT
Stamford,CT
Sterling,CT
Stonington,CT
Stratford,CT
Suffield,CT
Terryville,CT
Thomaston,CT
Thompson,CT
Tolland,CT
Topsham,CT
Torrington,CT
Voluntown,CT
Wallingford,CT
Warren,CT
Washington Point,CT
Waterbury,CT
Watertown,CT
Wauregan,CT
West Greenwich,CT
West Hartford,CT
West Haven,CT
West Killingly,CT
West Meridan,CT
West Suffield,CT
West Winsted,CT
Weston,CT
Wethersfield,CT
Williamantic,CT
Willington,CT
Wilton,CT
Winchester,CT
Windham,CT
Windsor,CT
Windsor Locks,CT
Wolcott,CT
Wolcottville,CT
Woodbridge,CT
Woodbury,CT
Woodstock,CT
Woodstock and Killingly,CT
D.C.,DC
Georgetown,DC
washington,DC
Washington,DC
Washington D.C.,DC
Dover,DE
Fort Delaware,DE
Georgetown,DE
Lewes,DE
Lincoln,DE
Milton,DE
New Castle,DE
Newark,DE
Odessa,DE
Smyrna,DE
Wilmington,DE
Chattahoochee,FL
Grand Key,FL
Jacksonville,FL
Key West,FL
Pensacola,FL
St. Augustine,FL
Tallahasee,FL
Worthington,FL
Athens,GA
Atlanta,GA
Augusta,GA
Bowden,GA
Bowdon,GA
Cassville,GA
Cave Spring,GA
Cedartown,GA
Columbus,GA
Dahlonega,GA
Fort Pulaski,GA
Greene County,GA
Greenville,GA
Griffin,GA
Holton,GA
La Grange,GA
Macon,GA
Medway,GA
Milledgeville,GA
Oxford,GA
Pope's Ferry,GA
Savanah,GA
Savannah,GA
West Point,GA
Honolulu,HI
Lahaina,HI
Oahu,HI
Albia,IA
Almoral,IA
Ames,IA
Amitx,IA
Anamosa,IA
Bellevue,IA
Burlington,IA
Cedar Falls,IA
Cedar Rapids,IA
Chariton,IA
Clarinda,IA
Clarksville,IA
Clinton,IA
Davenport,IA
Decorah,IA
Decorsh,IA
Denver,IA
Des Moines,IA
Dubuque,IA
Durant,IA
Eldora,IA
Fairfield,IA
Fayette,IA
Ft. Dodge,IA
Ft. Madison,IA
Grinnell,IA
Hamlin,IA
Humboldt,IA
Ida,IA
Independence,IA
Indianola,IA
Iowa City,IA
Keokuk,IA
Keosanqua,IA
Keosaugua,IA
Little Rock,IA
Logan,IA
Lott's Creek,IA
Low Moor,IA
Lyons,IA
Manchester,IA
Maquoketa,IA
Marchalltown,IA
Marshalltown,IA
Mason City,IA
McGregor,IA
McGuire,IA
Miescatine,IA
Monticello,IA
Mt. Pleasant,IA
Mt. Vernon,IA
Nevada,IA
Onawa,IA
Osage,IA
Oskaloosa,IA
Oswego,IA
Ottumwa,IA
Pella,IA
Salem,IA
Sandyville,IA
Sigourney,IA
Sioux City,IA
St. Sebald,IA
Tabor,IA
Trenton,IA
Vinton,IA
Waterloo,IA
Waukon,IA
Waverly,IA
West Point,IA
Western college,IA
Western College,IA
Western College?,IA
Wilton,IA
Boise City,ID
Ft. Boise,ID
Ft. Hall,ID
Ft. Lapwai,ID
Abingdon,IL
Albany,IL
Albion,IL
Alton,IL
Amboy,IL
Anna,IL
Asbley,IL
Atlanta,IL
Atlas,IL
Aurora,IL
Batavia,IL
Belleville,IL
Belvidere,IL
Bement,IL
Bloomington,IL
Bourbonnais Grove,IL
Buda,IL
Bunker Hill,IL
Bushnell,IL
Cairo,IL
Cambridge,IL
Canton,IL
Carbandale,IL
Carbondale,IL
Carlinville,IL
Carlyle,IL
Carpentersville,IL
Carrollton,IL
Carthage,IL
Cedarville,IL
Centralia,IL
Champaign,IL
chicago,IL
Chicago,IL
Clay City,IL
Columbia,IL
Danvers,IL
Danville,IL
Decatur,IL
Dixon,IL
Don Quoin,IL
Dwight,IL
E. St. Louis,IL
Earlville,IL
East Cambridge,IL
East St. Louis,IL
Eden,IL
Edgington,IL
Edwardsville,IL
El Paso,IL
Elgin,IL
Elmhurst,IL
Elmira,IL
Elmore,IL
Elmwood,IL
Erving,IL
Ethel,IL
Eureka,IL
Evanston,IL
Fayetteville,IL
Flora,IL
Freeburg,IL
Freedom,IL
Freeport,IL
Friendsville,IL
Fulton,IL
Galena,IL
Galesburg,IL
Galessburg,IL
Genesco,IL
Genesee,IL
Geneseo,IL
Geneva,IL
Gilman,IL
Greenville,IL
Griggsville,IL
Havana,IL
Highlang,IL
Hillsboro,IL
Hoopeston,IL
Hyde Park,IL
Irvington,IL
Jacksonville,IL
Joliet,IL
Joliet?,IL
Kankakee,IL
Kaskaskia,IL
Kewanee,IL
Knoxville,IL
La Salle,IL
LaSalle,IL
Lawrence County,IL
Lebanon,IL
Leroy,IL
Lewistown?,IL
Lincoln,IL
Lincoln?,IL
Loda,IL
Maroa,IL
Mascoutah,IL
Maywood,IL
McLeansboro,IL
Mendota,IL
Metamora,IL
Metropolis,IL
Moline,IL
Monmouth,IL
Monticello,IL
Morgan Park,IL
Morris,IL
Mount Carroll,IL
Mount Morris,IL
Mt. Carmel,IL
Mt. Vernon,IL
Nashville,IL
Nauvoo,IL
Neponset,IL
New Athens,IL
Normal,IL
Olney,IL
Onarga,IL
Onargo,IL
Oquawka,IL
Origon,IL
Ottawa,IL
Ouimay?,IL
Paddock's Grove,IL
Pana,IL
Paxton,IL
Pekin,IL
Pekin?,IL
Peoria,IL
Peru,IL
Petersburg,IL
Pittsfield,IL
Plainfield / Napierville,IL
Polo,IL
Pontiac,IL
Quincy,IL
Randolph County,IL
Rantoul,IL
Renault,IL
Ridge Farm,IL
Robin's Nest,IL
Rock Island,IL
Rockford,IL
Roseville,IL
Rushville,IL
Salem,IL
Salena,IL
Salina,IL
Sandwich,IL
Seales Mound?,IL
Shawneetown,IL
Smithton,IL
Sparta,IL
Spring Bay,IL
Springfield,IL
St. Anne,IL
St. Charles,IL
Sterling,IL
Streator,IL
Sycamore,IL
Teutapolis,IL
Tiskilwa,IL
Tuscola,IL
Upper Alton,IL
Urbana,IL
Vila Ridge,IL
Villa Ridge,IL
Virginia,IL
Warsaw,IL
Washington,IL
Waterloo,IL
Watseka,IL
Waukegan,IL
Westfield,IL
Wheaton,IL
Woodstock,IL
Yorkville,IL
NA,IL
Abilene,KS
Atchison,KS
Balwin City,KS
Blue Rapids,KS
Burlingame,KS
Burlington,KS
Cawker City,KS
Chetopa City,KS
Coal Creek,KS
Emporia,KS
Eudora,KS
Fort Riley,KS
Fort Wallace,KS
Ft. Dodge,KS
Ft. Harken,KS
Ft. Hays,KS
Ft. Leavenworth,KS
Gardner,KS
Girard,KS
Highland,KS
Junction City,KS
Keavenworth,KS
Lansing,KS
Lawrence,KS
Leavenworth,KS
Manhattan,KS
Marysville,KS
Olathe,KS
Ottawa,KS
Paola,KS
Peabody Twp.,KS
Seneca,KS
St. Mary's,KS
Topeka,KS
Vimland,KS
Wathena,KS
Wyandotte,KS
NA,KS
Ashland,KY
Augusta,KY
Bardstown,KY
Berea,KY
Bowling Green,KY
Burlington,KY
Campbellsville,KY
Carrollton,KY
Carrolton,KY
Catlettsburg,KY
Cecilian,KY
Clinton,KY
Columbia,KY
Covington,KY
Cynthiana,KY
Danville,KY
Elizabethtown,KY
Eminence,KY
Falmouth,KY
Farmdale,KY
Frankfort,KY
Frankfort?,KY
Frankfurt,KY
Fredericksburg,KY
Garnettsville,KY
Georgetown,KY
Germantown,KY
Glascow,KY
Glasgow,KY
Greenville,KY
Harrodsburg,KY
Harrodsbury,KY
Henderson,KY
Hopkinsvile,KY
Hopkinsville,KY
Howlett,KY
Jeffersontown,KY
Lagrange,KY
Lancaster,KY
Lebanon,KY
Leesburg,KY
Lexington,KY
London,KY
Louisville,KY
Louisvillle,KY
Madison,KY
Manchester,KY
Maysville,KY
Millersburg,KY
Morganfield,KY
Mount Sterling,KY
Mount Vernon,KY
Mt. Sterling,KY
Munfordsville,KY
Murray,KY
Near Princeton,KY
New Castle,KY
New Liberty,KY
Newport,KY
Paducah,KY
Paintsville,KY
Paris,KY
Pervee? Valley,KY
Pewee Valley,KY
Princeton,KY
Rabbit Hash,KY
Richmond,KY
Russellville,KY
Shelbyville,KY
South Union,KY
Speedwell,KY
Springfield,KY
Stanford,KY
Versailles,KY
Washington,KY
Winchester,KY
Alexandria,LA
Algiers,LA
Baton Rouge,LA
Bellview,LA
Bringiers,LA
Donaldsonville,LA
Fort Pike,LA
Franklin,LA
Grand Coteau,LA
Jackson,LA
Mansfield,LA
Monroe,LA
Mt. Lebanon,LA
new orleans,LA
New Orleans,LA
Osyka,LA
St. James,LA
Thibodaux,LA
Washington,LA
NA,LA
Abington,MA
Adams,MA
Amesbury,MA
Amherst,MA
Andover,MA
Arlington,MA
Ashburnham,MA
Ashby,MA
Ashfield,MA
Athol,MA
Attleboro,MA
Attleborough,MA
Auburn,MA
Ayer,MA
Barnstable,MA
Barre,MA
Belchertown,MA
Belmont,MA
Berkley,MA
Berlin,MA
Bernardston,MA
Beverly,MA
Beverly Farms,MA
Billerica,MA
Blackinton,MA
Blackstone,MA
Bolton,MA
Boston,MA
Boxford,MA
Boylston Centre,MA
Bradford,MA
Braintree,MA
Brewster,MA
Bridgewater,MA
Brighton,MA
Brimfield,MA
Brockton,MA
Brookfield,MA
Brookline,MA
Burlington,MA
Cambridge,MA
Cambridgeport,MA
Canton,MA
Carlisle,MA
Charleston,MA
Charlestown,MA
Charlton,MA
Chatham,MA
Chelmsford,MA
Chelsea,MA
Cheshire,MA
Chesterfield,MA
Chicopee,MA
Clinton,MA
Cohasset,MA
College Hill,MA
Concord,MA
Conway,MA
Cummington,MA
Curtisville,MA
Dalton,MA
Danvers,MA
Danversport,MA
Dedham,MA
Deerfield,MA
Dennis,MA
Dighton,MA
Dorchester,MA
Dorchester and Milton,MA
Douglas,MA
Dover,MA
Dunstable,MA
E. Cambridge,MA
East Attleboro,MA
East Boston,MA
East Bridgewater,MA
East Cambridge,MA
East Dennis,MA
East Hampton,MA
East Sudbury,MA
East Walpole,MA
Easthampton,MA
Easton,MA
Edgartown,MA
Erving,MA
Essex,MA
Fairhaven,MA
Fall River,MA
Falmouth,MA
Fells,MA
Fitchburg,MA
Fitchburg (Worcester County),MA
Fort Independence,MA
Foxboro,MA
Framingham,MA
Franingham,MA
Franklin,MA
Freetown,MA
Gardner,MA
Georgetown,MA
Gill,MA
Globe Village,MA
Gloucester,MA
Gloucester?,MA
Glouchester,MA
Goshen,MA
Grafton,MA
Great Barrington,MA
Greenfield,MA
Groton,MA
Groton Centre,MA
Hadley,MA
Hardwick,MA
Harvard,MA
Hatfield,MA
Hathorne,MA
Havenhill,MA
Haverhill,MA
Hingham,MA
Hingham Centre (Plymouth County),MA
Hinsdale,MA
Holbrook,MA
Holden,MA
Holland,MA
Holliston,MA
Holyoke,MA
Hopkinton,MA
Housatonic,MA
Hubbardston,MA
Hudson,MA
Hyde Park,MA
Ipowich?,MA
Ipswich,MA
Iswich,MA
Jamaica Plain,MA
Kingston,MA
Lakeville,MA
Lancaster,MA
Lanesborough,MA
Lawrence,MA
Lechmere Point,MA
Lee,MA
Leicester,MA
Lennox,MA
Lenox,MA
Leominster,MA
Lexington,MA
Lincoln,MA
Littleton,MA
Longmeadow,MA
Lowell,MA
Ludburg,MA
Lunenburg,MA
Lynn,MA
Malden,MA
Manchester,MA
Marblehead,MA
Marion,MA
Marlboro,MA
Marlborough,MA
Medfield,MA
Medford,MA
Medway,MA
Melrose,MA
Methuen,MA
Middleborough,MA
Middlefield,MA
Middlesex,MA
Middleton,MA
Milford,MA
Millbury,MA
Milton,MA
Monson,MA
Montague,MA
Nahant,MA
Nantucket,MA
Natick,MA
Needham,MA
New Bedford,MA
New Boston,MA
Newbury,MA
Newburyport,MA
Newton,MA
Newton Centre,MA
Newton Lower Falls,MA
Norfolk,MA
North Adams,MA
North Amherst,MA
North Andover,MA
North Attleborough,MA
North Bridgewater,MA
North Brookfield,MA
North Chelmsford,MA
North Danvers,MA
North Reading,MA
North Woburn,MA
North Wrentham,MA
Northampton,MA
Northborough,MA
Northbridge,MA
Northfield,MA
Northhampton,MA
Norton,MA
Norwook,MA
Oakham,MA
Orange,MA
Orleans,MA
Oxford,MA
Palmer,MA
Paxton,MA
Peabody,MA
Pepperell,MA
Phillipston,MA
Pittsfield,MA
Plainfield,MA
Plymouth,MA
Princeton,MA
Provincetown,MA
Quincy,MA
Randolph,MA
Reading,MA
Readville,MA
Revere,MA
Rhees,MA
Richmond,MA
Rockland,MA
Rockport,MA
Rowe,MA
Rowley,MA
Roxbury,MA
Royalston,MA
Ruthland,MA
Rutland,MA
Salem,MA
Salisbury,MA
Sandisfield,MA
Sandwich,MA
Saugus,MA
Saultborough,MA
Scituate,MA
Sheffield,MA
Shelburne,MA
Shelburne Centre,MA
Sherborn,MA
Shirley,MA
Shrewsbury,MA
Somerville,MA
South Boston,MA
South Chatham,MA
South Danvers,MA
South Dedham,MA
South Dennis,MA
South Farmington,MA
South Gardner,MA
South Hadley,MA
South Natick,MA
South Reading,MA
South Scituate,MA
South Sudbury,MA
South Yarmouth,MA
Southborough,MA
Southbridge,MA
Spencer,MA
Springboro,MA
Springfield,MA
Sterling,MA
Stockbridge,MA
Stoneham,MA
Stoughton,MA
Stow,MA
Sturbridge,MA
Sunderland,MA
Sutton,MA
Swampscott,MA
Swansea,MA
Tannton,MA
Taunton,MA
Templeton,MA
Tewksbury,MA
Topsfield,MA
Townsend,MA
Tyngsborough,MA
Upton,MA
Uxbridge,MA
Vineyard Haven,MA
Wakefield,MA
Wales,MA
Walpole,MA
Waltham,MA
Ware,MA
Wareham,MA
Warwick,MA
Watertown,MA
Wayland,MA
Webster,MA
Wellesley,MA
Wellfleet,MA
Wendell,MA
Wenham,MA
West,MA
West Boylston,MA
West Brookfield,MA
West Cambridge,MA
West Dennis,MA
West Medway,MA
West Newbury,MA
West Roxbury,MA
West Scituate,MA
West Springfield,MA
West Tisbury,MA
Westboro,MA
Westborough,MA
Westfield,MA
Westford,MA
Westminster,MA
Weston,MA
Weymouth,MA
Whately,MA
Whitinsville,MA
Wilbraham,MA
Williamstown,MA
Wilmington,MA
Winchendon,MA
Winchester,MA
Woburn,MA
Worcester,MA
Wrentham,MA
Yarmouth,MA
All Hallows?,MD
Ann Arundel County,MD
Annapolis,MD
baltimore,MD
Baltimore,MD
Calvert Co.,MD
Calvert County,MD
Cambridge,MD
Carroll,MD
Carrollton,MD
Charles County,MD
Charlotte Hall,MD
Chestertown,MD
Chestertown?,MD
Church Creek,MD
College Station,MD
Cumberland,MD
Dorchester,MD
Dorchester County,MD
Durham?,MD
Easton,MD
Ellicot City,MD
Ellicott City,MD
Ellicott Mills,MD
Ellicott's Mills,MD
Emmetsburg,MD
Emmettsburg,MD
Frederick,MD
Hagerstown,MD
Herring Creek,MD
Ilchester,MD
Kent County,MD
Lonacoming,MD
New Windsor,MD
Oakland,MD
Pickamaxon,MD
Rockville,MD
Salisbury,MD
Sandy Spring,MD
Snow Hill?,MD
Somerset,MD
Somerset Co.,MD
South River?,MD
South Sassafres?,MD
Stepney?,MD
Talbot County,MD
Westminster,MD
Woodstock,MD
NA,MD
Acton (York County),ME
Alfred,ME
Allen's Mills,ME
Andover,ME
Atkinson,ME
Auburn,ME
Augusta,ME
Bangor,ME
Bar Harbor,ME
Bath,ME
Belfast,ME
Bethel,ME
Biddeford,ME
Biddleford,ME
Blue Hill,ME
Bolster's Mills,ME
Boothbay,ME
Brewer,ME
Bristol,ME
Brunswick,ME
Bucksport,ME
Buckstown,ME
Buxton,ME
Calais,ME
Camden,ME
Cape Elizabeth,ME
Castine,ME
Cherryfield,ME
Chesterville,ME
Corinna,ME
Cornish,ME
Danforth,ME
Danville,ME
Deering,ME
Dexter,ME
Dirigo,ME
Dover,ME
Dresden,ME
East Machias,ME
East Wilton,ME
Eastbrook,ME
Eastport,ME
Eliot,ME
Ellsworth,ME
Fairfield,ME
Falmouth,ME
Farmington,ME
Fort Preble,ME
Foxcroft,ME
Freeport,ME
Fryeburg,ME
Gardiner,ME
Gardner,ME
Gorham,ME
Greathouse?,ME
Hallowell,ME
Harrison,ME
Houlton,ME
Kennebunk,ME
Kittery,ME
Kittery and York,ME
Lewiston,ME
Lewiston and Danville,ME
Lewiston Falls,ME
Lewsiton,ME
Lisbon,ME
Livermore,ME
Machias,ME
New Gloucester,ME
New Sharon,ME
Newport,ME
Norridgewock,ME
North Yarmouth,ME
Norway,ME
Orno,ME
Ossington,ME
Paris,ME
Parsonsfield,ME
Pembroke,ME
Portland,ME
Prentiss,ME
Presque Isle,ME
Richmond,ME
Robbinston,ME
Rockland,ME
Saccarappa,ME
Saco,ME
Saco-Biddeford,ME
Sanford,ME
Sangerville,ME
Searsport,ME
Sedgewick,ME
Sidney,ME
Skowhegan,ME
South Berwick,ME
Thomaston,ME
Togus,ME
Turner,ME
Union,ME
Waldoboro,ME
"Waldoboro, Warren and Thomaston",ME
Warren,ME
Warren and Thomaston,ME
Washburn,ME
Washington,ME
Waterville,ME
Waverly,ME
Wayne,ME
Wells,ME
Westbrook,ME
Winterport,ME
Winthrop,ME
Wiscasset,ME
Yarmouth,ME
NA,ME
Ada,MI
Adams,MI
Addison,MI
Adgansee,MI
Adrian,MI
Adrian City,MI
Advian,MI
Akron,MI
Alaiedon,MI
Alamo,MI
Albion,MI
Albion College,MI
Algoma,MI
Allegan,MI
Allen,MI
Allendale,MI
Allison,MI
Alma,MI
Almena,MI
Almer,MI
Almont,MI
Alpena,MI
Alpine,MI
Amboy,MI
Ann Arbor,MI
Ann Arbor City,MI
Antrim,MI
Antwerp,MI
Arbela,MI
Arcadia,MI
Argentine,MI
Arlington,MI
Armada,MI
Ash,MI
Ashland,MI
Assyria,MI
Athens,MI
Atkins,MI
Atlas,MI
Attica,MI
Augusta,MI
Aurelius,MI
Austin,MI
Avon,MI
Bainbridge,MI
Baltimore,MI
Bangor,MI
Bartlett,MI
Batavia,MI
Bath,MI
Battle Creek,MI
Bay City,MI
Bear Lake,MI
Bedford,MI
Bellevue,MI
Bengal,MI
Bennington,MI
Benona,MI
Benton,MI
Berlin,MI
Berrien,MI
Bertrand,MI
Bethany,MI
Bethel,MI
Big Prairie,MI
Big Rapids,MI
Bingham,MI
Birch,MI
Birmingham,MI
Blackman,MI
Blendon,MI
Blissfield,MI
Bloomer,MI
Bloomfield,MI
Bloomingdale,MI
Blumfield,MI
Boston,MI
Bowen Mills,MI
Bowne,MI
Brady,MI
Brant,MI
Bridgehampton,MI
Bridgeport,MI
Bridgewater,MI
Brighton,MI
Brockway,MI
Bronson,MI
Brookfield,MI
Brooks,MI
Brown,MI
Brownstown,MI
Bruce,MI
Buchanan,MI
Buel,MI
Buena,MI
Bunkerhill,MI
Burch Run,MI
Burchville,MI
Burlington,MI
Burns,MI
Burnside,MI
Burr,MI
Burton,MI
Bushnell,MI
Butler,MI
Byron,MI
Caledonia,MI
California,MI
Calumet,MI
Calvin,MI
Cambria,MI
Cambridge,MI
Camden,MI
Campbell,MI
Cannon,MI
Canton,MI
Capac,MI
Carlton,MI
Carmel,MI
Cascade,MI
Casco,MI
Casinovia,MI
Cassopolis,MI
Castleton,MI
Cato,MI
Cazenovia,MI
Centreville,MI
Charleston,MI
Charleviox,MI
Charlotte,MI
Cheshire,MI
Chesseming,MI
Chester,MI
Chesterfield,MI
Chickaming,MI
China,MI
Chippewa,MI
Clarence,MI
Clarendon,MI
Clay,MI
Clayton,MI
Climax,MI
Clinton,MI
Coe,MI
Cohoctah (Cohocta),MI
Coldwater,MI
Colon,MI
Columbia,MI
Columbus,MI
Commerce,MI
Comstock,MI
Concord,MI
Constantine,MI
Convis,MI
Conway,MI
Cooper,MI
Cooper Harbor,MI
Corunna,MI
Cotterville,MI
Courtland,MI
Crockery,MI
Croton,MI
Crystal,MI
Dallas,MI
Danby,MI
Davison,MI
Dearborn,MI
Decatur,MI
Deerfield,MI
Delhi,MI
Delta,MI
Denmark,MI
Denver,MI
Detriot,MI
Detroit,MI
Dewitt,MI
Dexter,MI
Donn,MI
Dover,MI
Dowagiac,MI
Dryden,MI
Dundee,MI
Duplain,MI
Dwight,MI
Eagle,MI
East Saginaw,MI
Easton,MI
Eaton,MI
Eaton Rapids,MI
Eckford,MI
Ecorse,MI
Elba,MI
Elk Rapids,MI
Emerson,MI
Emmet,MI
Ensley,MI
Erie,MI
Erin,MI
Essex,MI
Essexville,MI
Eureka,MI
Everett,MI
Evergreen,MI
Exeter,MI
Fabius,MI
Fair Grove,MI
Fairfield,MI
Fairplan,MI
Farmington,MI
Fawn River,MI
Fayette,MI
Fenton,MI
Fillmore,MI
Flint,MI
Flint City,MI
Florence,MI
Flowerfield,MI
Flushing,MI
Forest,MI
Forester,MI
Frankenmuth,MI
Frankfort,MI
Franklin,MI
Fredonia,MI
Freedom,MI
Fremon,MI
Fremont,MI
Ft. Brady,MI
Fulton,MI
Gaines,MI
Galien,MI
Ganges,MI
Genesee,MI
Georgetown,MI
Gilead,MI
Gilford,MI
Girard,MI
Glen Arbor,MI
Goodland,MI
Grand  Blanc,MI
Grand Blanc,MI
Grand Rapids,MI
Grand Rapids City,MI
Grass Lake,MI
Grattan,MI
Green,MI
Green Oak,MI
Greenbush,MI
Greenfield,MI
Greenland,MI
Greenville,MI
Greenwood,MI
Grosssepoint,MI
Groveland,MI
Gun Plain,MI
Hadley,MI
Hagan,MI
Hamburg,MI
Hamilton,MI
Hampton,MI
Hamtramck,MI
Hancock,MI
Handy,MI
Hanover,MI
Harrison,MI
Harrisville,MI
Hartford,MI
Hartland,MI
Harvey,MI
Hazleton,MI
Heath,MI
Henrietta,MI
Hickory Corners,MI
Highland,MI
Hillsdale,MI
Holland,MI
Holland City,MI
Holley,MI
Holmes,MI
Homer,MI
Hope,MI
Hopkins,MI
Houghton,MI
Howard,MI
Howell,MI
Hudson,MI
Huron,MI
Ida,MI
Imlay,MI
Independence,MI
Indian Fields,MI
Ingersoll,MI
Ingham,MI
Ionia,MI
Iosco,MI
Ira,MI
Irving,MI
Ishpeming,MI
Jackson,MI
Jackson City,MI
Jamestown,MI
Jefferson,MI
Jerome,MI
Johnstown,MI
Jonesville,MI
Juniatta,MI
Kalamazoo,MI
Kalamo,MI
Keeler,MI
Keene,MI
Kenockee,MI
Kimball,MI
Kinderhook,MI
La Grange,MI
Lacota,MI
Lafayette,MI
Lake,MI
Lansing,MI
Lapeer,MI
LaSalle,MI
Lawrence,MI
Lebanon,MI
Lee,MI
Leelanaw,MI
Leighton,MI
Lenox,MI
Leoni,MI
Leonidas,MI
LeRoy,MI
Leslie,MI
Lexington,MI
Liberty,MI
Lima,MI
Lindon,MI
Litchfield,MI
Livonia,MI
Locke,MI
Lodi,MI
London,MI
Lowell,MI
Ludington,MI
Lynn,MI
Lyon,MI
Lyons,MI
Mackinak,MI
Macomb,MI
Manchester,MI
Manistee,MI
Manlius,MI
Maple Grove,MI
Marathon,MI
Marcellus,MI
Marengo,MI
Marion,MI
Marquette,MI
Marshall,MI
Martin,MI
Mason,MI
Matteson,MI
Medina,MI
Megeezee,MI
Mendon,MI
Meridian,MI
Metamora,MI
Middlebury,MI
Midland,MI
Milan,MI
Milford,MI
Milton,MI
Monguagon,MI
Monroe,MI
Monroe City,MI
Montcalm,MI
Monterey,MI
Montrose,MI
Moscow,MI
Mottville,MI
Mount Clemens,MI
Mount Morris,MI
Mundy,MI
Muskegon,MI
Mussey,MI
Nankin,MI
Napoleon,MI
Neguanee,MI
Nelson,MI
New Buffalo,MI
New Haven,MI
Newark,MI
Newburgh,MI
Newton,MI
Niles,MI
Niles City,MI
Noble,MI
North Branch,MI
North Plains,MI
North Shade,MI
North Star,MI
Northfield,MI
Northport,MI
Novi,MI
Oakfield,MI
Oakland,MI
Oceana,MI
Odessa,MI
Ogden,MI
Olive,MI
Olivet,MI
Oneida,MI
Onondaga,MI
Ontwa,MI
Orange,MI
Orangeville,MI
Oranokogo,MI
Orchard Lake,MI
Oregon,MI
Orion,MI
Orleans,MI
Osceola,MI
Oshtemo,MI
Otisco,MI
Otsego,MI
Ottawa,MI
Overisel,MI
Ovid,MI
Owasso,MI
Owosso,MI
Oxford,MI
Palmyra,MI
Paris,MI
Park,MI
Parma,MI
Pavillion,MI
Peninsula,MI
Penn,MI
Pennfield,MI
Perry,MI
Pine Grove,MI
Pine Plains,MI
Pine River,MI
Pipestone,MI
Pittsfield,MI
Pittsford,MI
Plainfield,MI
Plainwell,MI
Plymouth,MI
Pokagon,MI
Polkton,MI
Pontiac,MI
Port Huron,MI
Portage,MI
Porter,MI
Portland,MI
Prairie Ronde,MI
Prairieville,MI
Pulaski,MI
Putnam,MI
Quincy,MI
Raisin,MI
Raisinville,MI
Ransom,MI
Ravenna,MI
Ray,MI
Reading,MI
Redford,MI
Richfield,MI
Richland,MI
Richmond,MI
Ridgeway,MI
Riga,MI
Riley,MI
Rives,MI
Robinson,MI
Rochester,MI
Rockland,MI
Rodney,MI
Rogers,MI
Rollin,MI
Rome,MI
Romulus,MI
Ronald,MI
Rose,MI
Ross,MI
Roxand,MI
Royal Oak,MI
Royalton,MI
Rubicon,MI
Rush,MI
Rutland,MI
Saginaw,MI
Saginaw City,MI
Salem,MI
Saline,MI
Sand Beach,MI
Sandstone,MI
Sanilac,MI
Saulte Ste. Marie,MI
Schoocraft,MI
Scipio,MI
Sebewaing,MI
Seneca,MI
Seweba,MI
Sharon,MI
Shelby,MI
Sheridan,MI
Sherman,MI
Sherwood,MI
Shiawassee,MI
Siddons,MI
Silver Creek,MI
Solon,MI
Somerset,MI
South Haven,MI
Southfield,MI
Sparta,MI
Speaker,MI
Spring Arbor,MI
Spring Lake,MI
Spring?,MI
Springfield,MI
Springport,MI
Springwells,MI
St. Charles,MI
St. Clair,MI
St. Clair City,MI
St. Ignace,MI
St. John's,MI
St. Joseph,MI
Sterling,MI
Stockbridge,MI
Stronach,MI
Sturgis,MI
Summerfield,MI
Summir,MI
Sumner,MI
Sumpter,MI
Sunfield,MI
Superior,MI
Sylvan,MI
Tallmadge,MI
Taylor,MI
Taymouth,MI
Tecumseh,MI
Tekonsha,MI
Texas,MI
Thetford,MI
Thomastown,MI
Thornapple,MI
Three Oaks,MI
Three Rivers,MI
Tittabawassee,MI
Tompkins,MI
Traverse,MI
Traverse City,MI
Trowbridge,MI
Troy,MI
Tuscola,MI
Tyrone,MI
Unadilla,MI
Union,MI
Union City,MI
Van Buren,MI
Vanderbilt,MI
Venice,MI
Vermontville,MI
Vernon,MI
Vevay,MI
Victor,MI
Vienna,MI
Volinia,MI
Wakeshma,MI
Wales,MI
Walker,MI
Walton,MI
Warren,MI
Washington,MI
Waterford,MI
Waterloo,MI
Watertown,MI
Watervliet,MI
Watson,MI
Waverly,MI
Wayland,MI
Wayne,MI
Webster,MI
Weesaw,MI
West Bloomfield,MI
Westphalia,MI
Wheatfield,MI
Wheatland,MI
White Lake,MI
White Oak,MI
White Pigeon,MI
White River,MI
Whiteford,MI
Williams,MI
Williamstown,MI
Windsor,MI
Wisner,MI
Woodbridge,MI
Woodhull,MI
Woodland,MI
Woodstock,MI
Worth,MI
Wright,MI
Wyandotte,MI
Wyoming,MI
York,MI
Ypsilanti,MI
Zeeland,MI
Zilwaukee,MI
NA,MI
Anoka,MN
Austin,MN
Berlin,MN
Blue Earth City,MN
Brainerd,MN
Cambridge,MN
Carlstadt,MN
Carver,MN
Chatfrield,MN
Collegeville,MN
Dover Center,MN
Duluth,MN
Fabault?,MN
Fairbault,MN
Fairboult,MN
Faribault,MN
Farmington,MN
Fergus Falls,MN
Fremont,MN
Glencoe,MN
Goodhue,MN
Grand Meadow,MN
Hastings,MN
Hokah,MN
Hutchinson,MN
Jackson,MN
Lake City,MN
Lanesboro,MN
Litchfield,MN
Mankato,MN
Mantorville,MN
Mininger,MN
Minneapolis,MN
Minnesota City,MN
New Ulm,MN
Northfield,MN
Owatonna,MN
Owatowa,MN
Plainview,MN
Preston,MN
Red Wing,MN
Rochester,MN
Rushford,MN
Saint Cloud,MN
Sauk Center,MN
Sibley,MN
Smithfield,MN
Spring Valley,MN
St. Anthony,MN
St. Cloud,MN
St. Joseph,MN
St. Paul,MN
St. Paul's,MN
St. Peter,MN
Stillwater,MN
Taylor's Falls,MN
Union,MN
Wabasha,MN
Waseca,MN
White Bear,MN
Winona,MN
Worthington,MN
Zumbrota,MN
Barrens,MO
Boonville,MO
Bowling Green,MO
Brunswick,MO
Canton,MO
Cape Girardeau,MO
Cape Girardequ,MO
Carondelet City,MO
Carrollton,MO
College Mound,MO
Columbia,MO
Fayette,MO
Franklin,MO
Fulton,MO
Glasgow,MO
Greenwood,MO
Hannibal,MO
Hillsboro,MO
Independence,MO
Jefferson City,MO
Jefferson?,MO
Kansas City,MO
Kidder,MO
La Grange,MO
Lexington,MO
Liberty,MO
Maryville,MO
May View,MO
Mexico,MO
Moberly,MO
Oregon,MO
Palmyra,MO
Parkville,MO
Rolla,MO
Sedalia,MO
Springfield,MO
St Louis,MO
St. Charles,MO
St. Joseph,MO
St. Joseph's,MO
St. Louis,MO
Troy,MO
Aberdeen,MS
Adams,MS
Attala County,MS
Canton,MS
Clinton,MS
Garlandsville,MS
Greene County,MS
Holly Springs,MS
Holy Springs,MS
Jackson,MS
Kosciusko,MS
Liberty,MS
Louisville,MS
Meridian Springs,MS
Natchez,MS
Oakland,MS
Oxford,MS
Pike,MS
Pontotoc,MS
Port Gibson,MS
Rodney,MS
Sharon,MS
Springville,MS
Tchula,MS
Washington,MS
Woodville,MS
Yazoo City,MS
Camp Baker,MT
Ft. Ellis,MT
Ft. Shaw,MT
Helena,MT
Albemarle?,NC
Asheville,NC
Bath,NC
Beaufort,NC
Brunswick,NC
Cape Fear,NC
Chapel Hill,NC
Charlotte,NC
Chowan,NC
Currituck,NC
Davidson,NC
Davidson County,NC
Edenton,NC
Edgecombe,NC
Fayeteville,NC
Fayetteville,NC
Forestville,NC
Greensboro,NC
Guildford,NC
Guilford,NC
Happy Home,NC
Hillsboro,NC
Hookerton,NC
Iredell Co.,NC
Iredell County,NC
Lenoir,NC
Lincoln County,NC
Mechlenberg County,NC
Mecklenburg,NC
Mt. Pleasant,NC
Nazareth,NC
New Garden,NC
New Salem,NC
Newbern,NC
Northampton Co.,NC
Olin,NC
Oxford,NC
Pamplici?,NC
Pamplier?,NC
Person County,NC
Raleigh,NC
Randolph,NC
Randolph Co.,NC
Rowan County,NC
Rowan Cty,NC
Rutherford,NC
Salem,NC
Statesville,NC
Stokes Co.,NC
Trinity,NC
Wake Forest,NC
Weldon,NC
Williamsboro,NC
Williamston,NC
Wilmington,NC
Wilson,NC
NA,NC
Bismark,ND
Fort Totten,ND
Ft Badford,ND
Ft. Stevenson,ND
Brownsville,NE
Brownville,NE
Crete,NE
Dakotah City,NE
Falls City,NE
Fremont,NE
Ft. McPherson,NE
Ft. Robinson,NE
Lincoln,NE
Nebraska City,NE
Omaha,NE
Otoe County,NE
NA,NE
Acworth,NH
Alstead,NH
amherst,NH
Amherst,NH
Andover,NH
Antrim,NH
Ashland,NH
Ashuelot,NH
Barnstead,NH
Barrington,NH
Bath,NH
Bedford,NH
Bethlehem,NH
Boscawen,NH
Bow,NH
Bradford,NH
Brentwood,NH
Bridgewater,NH
Bristol,NH
Brookfield,NH
Brookline,NH
Campton,NH
Canaan,NH
Candia,NH
Canterbury,NH
Cenre Harbor,NH
Charleston,NH
Charlestown,NH
Cheshire,NH
Chester,NH
Chichester,NH
Claremont,NH
Colebrook and Monadnock,NH
Concord,NH
Contoocook,NH
Conway and Bartlett,NH
Cornish,NH
Corydon,NH
Danbury,NH
Deerfield,NH
Deering,NH
Derry,NH
Dover,NH
Dublin,NH
Dunbarton,NH
Durham,NH
East Franklin,NH
East Kingston,NH
East Lebanon,NH
East Rindge,NH
Eaton,NH
Effingham,NH
Enfield,NH
Epping,NH
Epsom,NH
Exeter,NH
Farmington,NH
Fisherville,NH
Fitzwilliam,NH
Francestown,NH
Franconia,NH
Franklin,NH
Gilford,NH
Gilmanton,NH
Gilsum,NH
Goffstown,NH
Goshen,NH
Grafton,NH
Grafton and Danbury,NH
Grantham,NH
Great Falls,NH
Greenfield,NH
Greenland,NH
Groton,NH
Groton and Heben,NH
Hampstead,NH
Hampton,NH
Hampton Falls,NH
Hancock,NH
Hanover,NH
"Hanover, Lebanon, and Canaan",NH
Haverhill,NH
Henniker,NH
Hillsborough,NH
Hinsdale,NH
Holderness,NH
Hollis,NH
Hopkinton,NH
Hudson,NH
Jackson,NH
Jaffrey,NH
Keene,NH
Kensington,NH
Kingston,NH
Laconia,NH
Lake Village,NH
Lancaster,NH
Landaff,NH
Langdon,NH
Lebanon,NH
Lee,NH
Lempster,NH
Lisbon,NH
Litchfield,NH
Litchfield and Merrimack,NH
Littleton,NH
London,NH
Londonderry,NH
Lyman,NH
Lyme,NH
Lyndeborough,NH
Manchester,NH
Marlborough,NH
Marlow,NH
Mason,NH
Meredith,NH
Meriden,NH
Merrimack,NH
Middleton,NH
Milford,NH
Milton,NH
Moultonborough,NH
Moultonborough and Sandwich,NH
Mount Vernon,NH
Mt. Vernon,NH
Nashua,NH
Nelson,NH
New Boston,NH
New Chester,NH
New Durham,NH
New Hampton,NH
New Ipswich,NH
New Ispwich,NH
New London,NH
New Market,NH
Newington,NH
Newport,NH
Newton,NH
North Enfield,NH
North Guilford,NH
North Hampton,NH
Northfield,NH
Northwood,NH
Nottingham,NH
Orford,NH
Ossipee and Wolfeborough,NH
Oxford,NH
Packersfield,NH
Pelham,NH
Pembroke,NH
"Pemigewasset, Peeling",NH
Penacook,NH
Penbroke,NH
Peterboro,NH
Peterborough,NH
Pittsfield,NH
Plainfield,NH
Plymouth,NH
Poplin,NH
Portsmouth,NH
Richmond,NH
Rindge,NH
Rochester,NH
Rumney,NH
Rye,NH
Salem,NH
Salisbury,NH
Salmon Falls,NH
Sambornton Bridge,NH
Sanbornton,NH
Sanbornton Bridge,NH
Sanborton Bridge,NH
Sandown,NH
Sandwich,NH
Seabrook,NH
Shaker Village,NH
Shoreham,NH
Social Library,NH
Sommersworth,NH
Springfield,NH
Stewartstown,NH
Stoddard,NH
Stratham,NH
Sullivan,NH
Suncook,NH
Surry,NH
Sutton,NH
Swanzey,NH
Tamworth,NH
Temple,NH
Troy,NH
Tuftonborough,NH
Turtonborough,NH
Tyngsborough and Dunstable,NH
Union,NH
Unity,NH
Wakefield,NH
Walpole,NH
Warner,NH
Warren,NH
Warren and Wentworth,NH
Washington,NH
Weare,NH
Wendell,NH
Wentworth,NH
West Lebanon,NH
Westmoreland,NH
Whitefield,NH
Wilton,NH
Wincehster,NH
Windham,NH
Wolfborough,NH
Wolfeborough,NH
Allowaystown,NJ
Amboy,NJ
Amwell,NJ
Arneytown,NJ
Ateo,NJ
Atlantic City,NJ
Basking Ridge,NJ
Belvidere,NJ
Beverly,NJ
Bloomfield,NJ
Bordentown,NJ
Bricksburg,NJ
Bridgeton,NJ
Burlington,NJ
Caldwell,NJ
Camden,NJ
Cranford,NJ
Cream Ridge,NJ
Dover,NJ
Egg Harbor City,NJ
Elizabeth,NJ
Elizabethtown,NJ
Elzizabeth,NJ
Evesham,NJ
Fairfield,NJ
Flemington,NJ
Florence,NJ
Forest Grove,NJ
Franklinville,NJ
Freehold,NJ
Greenwich,NJ
Hackensack,NJ
Hackettstown,NJ
Haddonfield,NJ
Hamilton Square,NJ
Hancock's Bridge,NJ
Hardwick,NJ
Hoboken,NJ
Hopewell,NJ
Jamesburg,NJ
Jersey City,NJ
Kingston,NJ
Lakewood,NJ
Livingston,NJ
Lodi,NJ
Madison,NJ
Matawan,NJ
Mendham,NJ
Middlebush,NJ
Millville,NJ
Montclair,NJ
Moorestown,NJ
Morrestown,NJ
Morristown,NJ
Mount Holly,NJ
Mount Laurel,NJ
Mt. Holly,NJ
Mullica Hill,NJ
New Brunswick,NJ
New Market,NJ
newark,NJ
Newark,NJ
Newton,NJ
Orange,NJ
Paterson,NJ
Pennington,NJ
Perth Amboy,NJ
Pittsgrove,NJ
Plainfield,NJ
Princeton,NJ
Rahway,NJ
Red Bank,NJ
Ringoes,NJ
Rockaway,NJ
Roxbury and Chester,NJ
Salem,NJ
Scotch Plains,NJ
Sharptown,NJ
Shiloh,NJ
Shrewsbury,NJ
Somerville,NJ
South Hanover,NJ
South Orange,NJ
South Vineland,NJ
Summit,NJ
Swedesboro,NJ
trenton,NJ
Trenton,NJ
Tuckerton,NJ
Upper Greenwich,NJ
Upper Penns Neck,NJ
Vincentown,NJ
Vineland,NJ
West Hoboken,NJ
Woodbridge,NJ
Woodbury,NJ
Woodstown,NJ
Ft. Bayard,NM
Ft. Craig,NM
Ft. Stanton,NM
Las Vegas,NM
Santa Fe,NM
Sante Fe,NM
Silver City,NM
NA,NM
Carlin,NV
Carson City,NV
Gold Hill,NV
Virginia City,NV
Albany,NY
Albion,NY
Alfred,NY
Alfred Centre,NY
Alleghany,NY
Amber,NY
Annandale,NY
Attica,NY
Auburn,NY
Aurora,NY
Ballston,NY
Batavia,NY
Bath,NY
Bay Ridge,NY
Beacon,NY
Bedford,NY
Belleville,NY
Belmont,NY
Bennington,NY
Binghampton,NY
Binghamton,NY
Binhampton,NY
Blooming Grove,NY
Bridgehampton,NY
Brockport,NY
brooklyn,NY
Brooklyn,NY
Buffalo,NY
Buffaol,NY
Canandaigua,NY
Canandaigua?,NY
Canenlaigua,NY
Canton,NY
Carmel,NY
Castle Creek,NY
Catskill,NY
Champlain,NY
Charleston,NY
Chittenago,NY
Clarkson,NY
Clifton Springs,NY
Clinton,NY
Cohoes,NY
Cohoes?,NY
Cold Spring,NY
College Point,NY
Collins,NY
Conervango,NY
Cooperstown,NY
Corning,NY
Cornwall,NY
Cortlandville,NY
Cuba,NY
Dannemora,NY
Dunkink,NY
Dunkirk,NY
East Hampton,NY
East Maine,NY
East New York,NY
Elizabethtown?,NY
Elmira,NY
Elmira?,NY
Farmingdale,NY
Flushing,NY
Fonda,NY
Fordham,NY
Fredonia,NY
Genesee,NY
Geneseo,NY
Geneseo Village,NY
Geneva,NY
Glens Falls,NY
Goshen,NY
Governors Island,NY
Greenwich,NY
Hamilton,NY
Harlem,NY
Hartwick,NY
Havana,NY
Henrietta,NY
Herkeimer,NY
Hess Road,NY
Hicksville,NY
Homestead,NY
Hornellsville,NY
Hudson,NY
Huntington,NY
Ilion,NY
Ithaca,NY
Jamaica,NY
Jamestown,NY
Kingston,NY
Le Roy,NY
LeRoy,NY
Liederkranz,NY
Lina,NY
Little Falls,NY
Little Valley,NY
Louisville,NY
Lowville,NY
Ludlow,NY
Lyons,NY
Maine,NY
Manhattan,NY
Matteawan,NY
McGranville,NY
Mendon,NY
Middletown,NY
Millbrook,NY
Mineola,NY
Monticello,NY
Morrisville,NY
Mount Vernon,NY
Mt. Kisco,NY
Mt. Vernon,NY
Mumford,NY
Murray,NY
Naples,NY
New Brighton,NY
New Lebanon,NY
New Rochelle,NY
new york,NY
New York,NY
Newburg,NY
Newburgh,NY
Niagara Falls,NY
Nimrods?,NY
North Hampstead? (Queens County),NY
North Penfield,NY
Northfield,NY
Norwich,NY
Nyack,NY
Ogden,NY
Olean,NY
Oneida,NY
Oswego,NY
Oyster Bay,NY
Parma,NY
Penfield,NY
Penn Yan,NY
Peughkeepsie?,NY
Phelps,NY
Pittsford,NY
Plattsburgh,NY
Port Chester,NY
Portsmouth,NY
Poughkeepsie,NY
Randolph,NY
Rhinebeck,NY
Richmond,NY
Riverhead,NY
rochester,NY
Rochester,NY
Rome,NY
Rondout,NY
Roundout,NY
Rush,NY
Rye,NY
Sachell's Harbor,NY
Sag Harbor,NY
Sageville,NY
Sand Lake,NY
Saratoga Springs,NY
Saugerties,NY
Schenectady,NY
Schnectady,NY
Schoharie,NY
Scottsville,NY
Seneca,NY
Setauket,NY
Sing Sing,NY
Skeneateles,NY
Somers,NY
Springfield,NY
Springville,NY
Stamford,NY
Stanfordville,NY
Stapleton,NY
Starkey,NY
Staten Island,NY
Stephentown,NY
Stratford,NY
Strathmore,NY
Success,NY
Suspension Bridge,NY
Sweden,NY
Syracuse,NY
Tarrytown,NY
Thorn Hill,NY
Trenton,NY
Troy,NY
Utica,NY
Vernon,NY
Walden,NY
Wappinger's Falls,NY
Watertown,NY
Watkins,NY
Weestchester,NY
Wellsville,NY
West Hennietta,NY
West Mendon,NY
West Point,NY
West Troy,NY
Westchester,NY
Westchester County,NY
Wheatland,NY
White Plains,NY
Willard,NY
Willets Point,NY
Yonkers,NY
Yorkville,NY
NA,NY
Ada,OH
Akron,OH
Alliance,OH
Amesville,OH
Amherst,OH
Andover,OH
Ashtabula,OH
Astabula,OH
Athens,OH
Aurora,OH
Austinburg,OH
Barlow,OH
Bedford,OH
Bellefontaine,OH
Bellevue,OH
Bellville,OH
Belpre,OH
Berea,OH
Berkshire,OH
Blendon,OH
Bloomfield,OH
Bowling Green,OH
Brecksville,OH
Broceville,OH
Brookfield,OH
Brooklyn,OH
Bucyous,OH
Buffalo,OH
Burlington,OH
Burton,OH
Butler County,OH
Cadiz,OH
Canton,OH
Carlisle,OH
Carthage,OH
Carthagena,OH
Cass,OH
Chagrin Falls,OH
Champaign County,OH
Champeon,OH
Chester,OH
Cheviot,OH
Chilicothe,OH
Chillcothe,OH
Chillicathe,OH
Chillicothe,OH
cincinnati,OH
Cincinnati,OH
Cincinnatti,OH
Circleville,OH
Claridon,OH
Clarksfield,OH
Cleveland,OH
College Hill,OH
Columbia,OH
columbus,OH
Columbus,OH
Crestline,OH
Cuyahoga Falls,OH
Dane,OH
Darby Creek,OH
Darke County,OH
Darrtown,OH
Dayton,OH
Defiance,OH
Defiance?,OH
Delaware,OH
Donnellsville .,OH
Donnelsville,OH
Dover,OH
Dresden,OH
Eaton,OH
Eden,OH
Eldridge,OH
Elizabethtown,OH
Elyria,OH
Euclid,OH
Fairfield,OH
Fayete County,OH
Fearing,OH
Fitchville,OH
Flat Rock,OH
Franklin,OH
Franklin Township,OH
Frederickstown,OH
Fredonia,OH
Fremont,OH
Galbrath,OH
Galbreath,OH
Galbreath Sketchio,OH
Gambier,OH
Glendale,OH
Granger,OH
Granville,OH
Granville?,OH
Greene,OH
Greenfield,OH
Greensville,OH
Greenville,OH
Guernesey,OH
Guilford,OH
Gustavus,OH
Hamilton,OH
Hamilton and Rossville,OH
Hanover,OH
Harlem,OH
Harmar,OH
Harpersfield,OH
Harrison,OH
Harrisville,OH
Hartford,OH
Highland,OH
Hillsborough,OH
Hinckley,OH
Hiram,OH
Hopewell,OH
Hubbard,OH
Hudson,OH
Ivanton,OH
Jefferson,OH
Kalida,OH
Kendal,OH
Kennard,OH
Lagrange,OH
Lancaster,OH
Lebanon,OH
Lebanon?,OH
Lee,OH
Lenox,OH
Lewis Centre,OH
Lexington,OH
Linton,OH
Litchfield,OH
Little Sandy (Little Sandusky),OH
London,OH
Lorain County,OH
Loveland,OH
Lyme; Ridgefield,OH
Madison,OH
Mansfield,OH
Marietta,OH
Martinsville,OH
Marysville,OH
Massillon,OH
Massilon,OH
Mayfield,OH
McConnellsville,OH
McConnelsville,OH
Medina,OH
Mercer County,OH
Mesopotamia,OH
Miami County,OH
Miamisburg,OH
Middleberry,OH
Milan,OH
Milford,OH
Monroe,OH
Monroeville,OH
Montville,OH
Morgan; Crosby,OH
Mount Vernon,OH
Mt. Union,OH
Nelson,OH
Nelsonville,OH
Neville,OH
New Athens,OH
New Carlisle,OH
New Concord,OH
New London,OH
New Lyme,OH
New Paris,OH
New Philadelphia,OH
Newark,OH
Newburg,OH
Newburgh,OH
Newtown,OH
North Royalton,OH
Northwood,OH
Norwalk,OH
Norwark,OH
Oberlin,OH
Olive,OH
Olmsted,OH
Orange,OH
Orwell,OH
Ottawa,OH
Oxford,OH
Paddy's Run,OH
Painesville,OH
Paris,OH
Parma,OH
Penfield,OH
Perrysburgh,OH
Plain,OH
Poland,OH
Port Clinton,OH
Port Washington,OH
Portland,OH
Portsmouth,OH
Potter,OH
Preble County,OH
Ravenna,OH
Reading,OH
Richfield,OH
Richmond,OH
Ripley,OH
Rome,OH
Roscoe,OH
Ruggler,OH
Rutland,OH
Salem,OH
Sandusky,OH
Scio,OH
Selena Township,OH
Seneca Co.,OH
Sharon Center,OH
Sidney,OH
South Amherst,OH
Springboro,OH
Springdale,OH
Springfield,OH
Steubenville,OH
Sunbury,OH
"Sunbury, Berkshire",OH
Tallmadge,OH
Tallmadge Township,OH
Thompson,OH
Tiffin,OH
toledo,OH
Toledo,OH
Troy,OH
Trumbull Co.,OH
Twinsburg,OH
Union Village,OH
Urbana,OH
Utica,OH
Venice,OH
Vermilion,OH
Vernon,OH
Wadsworth,OH
Warren,OH
Washington,OH
Waterford,OH
Wauseon,OH
Waverly Village,OH
"Wayne, Cherry Valley",OH
Waynesville,OH
Wellington,OH
Wellsville,OH
West Canaan,OH
West Geneva,OH
West Lodi,OH
Westerville,OH
Westfield,OH
Whipstown,OH
Wilberforce,OH
Williamsburg,OH
Williamsfield,OH
Willoughby,OH
Wilmington,OH
Windham,OH
Windsor,OH
Woodstock,OH
Wooster,OH
Worthington,OH
Worthington?,OH
Xenia,OH
Yellow Spring,OH
Yellow Springs,OH
Youngstown,OH
Zanesville,OH
Indian Terr.,OK
Indian Territory - Tallequah,OK
Albany,OR
Amity,OR
Astoria,OR
Astoria?,OR
Benton Co.,OR
Butte Creeke,OR
Clackamas Co.,OR
Clatsop Co.,OR
Columbia,OR
Coos County,OR
Corvallis,OR
Dalles,OR
Eugene,OR
Forest Grove,OR
Ft. Klamath,OR
Ft. Stevens,OR
Ft. Vancouver,OR
Jackson Co.,OR
Jackson County,OR
Lapwai,OR
Manning/Clatsop Co.,OR
Manning/Grant Co,OR
McMinnville,OR
Multnomal Masonic Lodge?,OR
Oregon City,OR
Philomath,OR
Portland,OR
Protland,OR
Salem,OR
Waiiltpu,OR
Willamette,OR
Yam Hill,OR
Allegheny,PA
Allegheny City,PA
Allentown,PA
Altoona,PA
Andalusia,PA
Anderson,PA
Annville,PA
Ashland,PA
Attlelborough,PA
Bart Township,PA
Beaty,PA
Bedford,PA
Beers,PA
Bellefonte,PA
Bethleham,PA
Bethlehem,PA
Bettysburg,PA
Birmingham,PA
Bloomsburg,PA
Bridgewater,PA
Bristol,PA
Brookville,PA
Brownsville,PA
Buckingham,PA
Burgettstown,PA
Butler,PA
Camp Hill,PA
Canonsburg,PA
Carbondale,PA
Carlisle,PA
Centerville,PA
Chambersburg,PA
Charlestown,PA
Chester,PA
Chester Co.,PA
Chester Springs,PA
Cnessona,PA
Coatsville,PA
Collegeville,PA
Columbia,PA
Concordville,PA
Conewago,PA
Coudersport,PA
Cressona,PA
Danville,PA
Darby,PA
Dayton,PA
Dimocksville,PA
Doylestown,PA
Easton,PA
Ebensburg,PA
Edinboro,PA
Erie,PA
Ernest,PA
Fallsington,PA
Frankford,PA
Franklin,PA
Fredericktown,PA
Germantown,PA
Gettysburg,PA
Girard,PA
Glenside,PA
Goldsboro,PA
Greensburgh,PA
greenville,PA
Greenville,PA
Hainesburgh,PA
Hallenbeck,PA
Harleysville,PA
Harrisburg,PA
Hartford,PA
Haverford,PA
Hoboken,PA
Honesdale,PA
Honeybrook,PA
Honeybrook Township,PA
Hopewell,PA
Horsham,PA
Hulmesville,PA
Irvington,PA
Jenkinstown,PA
Jenkintown,PA
Jewett,PA
Johnstown,PA
Kennett Square,PA
King of Prussia,PA
Kittaning,PA
Kittanning,PA
Lamberton,PA
Lancanster,PA
Lancaster,PA
Lanchaster,PA
Latrobe,PA
Lebanon,PA
Lewisburg,PA
Lewistown,PA
Littlestown,PA
Lock Haven,PA
London Grove,PA
London Grove Township,PA
Londongrove,PA
Loretto,PA
Lower Merion,PA
Makefield,PA
Manayunk,PA
Manch Chunk,PA
Manheim,PA
Marietta,PA
Mauch Chunk?,PA
McAlisterville,PA
Meadville,PA
Mechanicsburg,PA
Media,PA
Mercersburg,PA
Merion,PA
Mingo Creek?,PA
Monongahela,PA
Montgomery,PA
Montgomery Twp.,PA
Montrose,PA
Mountville,PA
Mt. Joy,PA
Mt. Pleasant,PA
Muncy,PA
Nazareth,PA
New Bedford,PA
New Berlin,PA
New Brighton,PA
New Castle,PA
New London,PA
New London Township,PA
New Wilmington,PA
Newtown,PA
Nicetown,PA
Norristown,PA
North East,PA
Oil City,PA
Orwigsboro,PA
Oxford,PA
Palmer,PA
Paradise Township,PA
Peach Bottom,PA
Penn's Square,PA
Perkioman Bridge,PA
Perkiomen,PA
phiadelphia,PA
Philadelphia,PA
Philadelphia?,PA
Philadephia,PA
Philipsburg,PA
Phoenixville,PA
Pittsburgh,PA
Pittston,PA
Plumstead Twp.,PA
Plymouth,PA
Port Carbon,PA
Pottstown,PA
pottsville,PA
Pottsville,PA
Quakertown,PA
Radnor,PA
Radnor Twp.,PA
Reading,PA
Renova,PA
Renovo,PA
Roxborough,PA
Scranton,PA
Selin's Grove,PA
Semin's Grove,PA
Sewickley,PA
Shenango,PA
Shippensberg,PA
Shippensburg,PA
Somerset,PA
South Bethlehem,PA
South Hermitage,PA
Spring Garden,PA
Springfield,PA
St. Clair,PA
St. Mary's,PA
Stroudsburg,PA
Susquehanna,PA
Susquehanna Depot,PA
Swarthmore,PA
Tamaqua,PA
Tarentum,PA
Ten Mile (Washington Co.),PA
Tidionte,PA
Tioga,PA
Titusville,PA
Towanda,PA
Uniontown,PA
Unionville,PA
Upland,PA
Uplands,PA
Upper Dublin,PA
Villanova,PA
Warren,PA
Washington,PA
Washington Co.,PA
Washington County,PA
Wayne,PA
Waynesboro,PA
Waynesburg,PA
Wellsboro,PA
West Chester,PA
West Chester Borough,PA
West Grove,PA
Westchester,PA
Whitpain,PA
Wilkes Barre,PA
Wilkes-Barre,PA
Williamsport,PA
Wormelsdorf,PA
Wormelsdorf?,PA
Wyoming,PA
Yardleyville,PA
York,PA
NA,PA
Anthony,RI
Ashaway,RI
Ashton,RI
Barrington,RI
Bristol,RI
Briston,RI
Burrellville,RI
Burrillville,RI
Camden,RI
Central Falls,RI
Centredale,RI
Charlestown,RI
Chepacket,RI
Coventry,RI
Cranston,RI
Cumberland,RI
Cumberland Hill,RI
East Greenwich,RI
East Providence,RI
Exeter,RI
Fort Adams,RI
Foster,RI
Glocester,RI
Greenwich,RI
Harrisville,RI
Hopkinton,RI
Hopkinton and Richmond,RI
Jamestown,RI
Johnston,RI
Kingston,RI
Knightsville,RI
Lansdale,RI
Little Compton,RI
Lonsdale,RI
Manville,RI
Middletown,RI
Mt. Hope,RI
New Shoreham,RI
Newport,RI
North Kingstown,RI
North Scituate,RI
North Shoreham,RI
North Smithfield,RI
Old Warwick,RI
Olneyville,RI
Pawtucket,RI
Pawtuxet,RI
Peacedale,RI
Phoenix,RI
Phoenix?,RI
Portsmouth,RI
Providence,RI
Scituate,RI
Sharren,RI
Slatensville,RI
Slatersville,RI
Smithfield,RI
South Kingston,RI
South Kingstown,RI
Tiventon,RI
Tiverton,RI
Union,RI
Warren,RI
Warwick,RI
West Greenwich,RI
Westerly,RI
Wickford,RI
Woonsocket,RI
Woonsocket Falls,RI
NA,RI
Abbeville Dist.,SC
Abbeville Dist. (or county),SC
Barnwell,SC
Beaufort,SC
Berkeley Co.,SC
Camden,SC
Charleston,SC
Chatham,SC
Cheram,SC
Cheraw,SC
Chester dist. (or county),SC
Clinton,SC
Columbia,SC
Deal,SC
Due West,SC
Duw West,SC
Edgefield,SC
Edisto Island (near Charleston),SC
Fair Forest,SC
Fairfield County,SC
Georgetown,SC
Gravesend,SC
Greenfield,SC
Greenville,SC
Greenville Co.,SC
Greenwood,SC
Hamburgh,SC
Indian Land,SC
James Island,SC
Laurens,SC
lexington,SC
Lexington,SC
Mayesville,SC
Newberry,SC
Pendleton,SC
Pineville,SC
Port Royall,SC
Prince Williams,SC
Santee,SC
Society Hill,SC
Spartanburg,SC
St. Bartholomew,SC
St. George,SC
St. John,SC
Stateburgh,SC
Statesburgh,SC
Sumterville,SC
Sumterville (Sumter),SC
Union,SC
Waccamaw,SC
Walhalla,SC
Walterboro,SC
Welsh Neck,SC
Williamsburg,SC
Winnsboro,SC
Winyah,SC
York Dist.,SC
York Dist. (or county),SC
NA,SC
Aberdeen,SD
Ft. Randall,SD
Ft. Sully,SD
Ft. Wadsworth,SD
Yankton,SD
Athens,TN
Briston,TN
Charlotte,TN
Chattanooga,TN
Clarksville,TN
Columbia,TN
Culleoka,TN
Dyersburg,TN
Edgefield,TN
Fayetteville,TN
Fountain,TN
Franklin,TN
Franklin College,TN
Gallatin,TN
Greeneville,TN
Greenville,TN
Irving College,TN
Jackson,TN
Knoxville,TN
Knoxville Lib.,TN
LaGrange,TN
lebanon,TN
Lebanon,TN
Madisonville,TN
Maryville,TN
Massy Creek,TN
McKenzie,TN
McMinnville,TN
memphis,TN
Memphis,TN
Mifflin,TN
Mossy Creek,TN
Murfreesboro,TN
Nashville,TN
Pulaski,TN
Savannah,TN
Sewanee,TN
Somerville,TN
Stockton,TN
Trenton,TN
Tusculum,TN
Washington County,TN
Williamsport,TN
Winchester,TN
NA,TN
Austin,TX
Bastrop,TX
Belton,TX
Brownsville,TX
Chapel Hill,TX
Clarksville,TX
College Station,TX
Content,TX
Corsicana,TX
Dallas,TX
Fort Worth,TX
Ft. Clark,TX
Galveston,TX
Georgetown,TX
Henderson,TX
houston,TX
Houston,TX
Huntsville,TX
Independence,TX
Jefferson,TX
Leon County,TX
Liberty County,TX
Marshall,TX
Matagorda,TX
near San Antonio,TX
New Braunfels,TX
Nocogdoches,TX
Phantom Hill,TX
Rio Grande,TX
Rutersville,TX
San Antonio,TX
Sherman,TX
Sisterdale,TX
tehuacana,TX
Tehuacana,TX
Tyler,TX
Waco,TX
Waxahachie,TX
NA,TX
Alpine City,UT
American Fork,UT
Beaver,UT
Beaver City,UT
Cedar City,UT
Coalville,UT
Desaret City,UT
Ephraim,UT
Fillmore,UT
Gardnersville,UT
Gunnison,UT
Harrisburg,UT
Lehi,UT
Logan,UT
Manti,UT
Minersville,UT
Moroni,UT
Mount Pleasant,UT
Nephi,UT
Ogden City,UT
Parowan,UT
Payson,UT
Provo,UT
Rockville,UT
Salt Lake City,UT
Spanish Forks,UT
Springville,UT
St. George,UT
Tooele,UT
Toquersville,UT
Washington,UT
Abington,VA
Alexandria,VA
Ashland,VA
Aylett's,VA
Berryville,VA
Blacksburg,VA
Boydtown,VA
Bruton,VA
Charlotesville,VA
Charlottesville,VA
Charlottesville?,VA
Christiansburg,VA
Dimveddie?,VA
emory,VA
Emory,VA
Fairfax,VA
Fairfax County,VA
Fort Monroe,VA
Frederickburg,VA
Fredricksburg,VA
Front Royal,VA
Gate City,VA
Germanna,VA
Hampden Sidney,VA
Hampden Sydney,VA
Hampton,VA
Harrisonburg,VA
Hillsborough (now Hillsboro),VA
Hollins,VA
Jeffersonville (now Tazemell),VA
Kikotan,VA
King George's Co.,VA
Leeds,VA
Lewisburg,VA
Lexington,VA
Lynchburg,VA
Madison,VA
Manicantown,VA
New Market,VA
Norfolk,VA
Orange Co.,VA
Orange County,VA
Palmyra,VA
Petersburg,VA
Portsmouth,VA
Richmond,VA
Romney,VA
Salem,VA
St. Staunton,VA
Staunton,VA
Warm Springs,VA
Williamsburg,VA
Winchester,VA
NA,VA
Andover,VT
Arlington,VT
Barnard,VT
Barnet,VT
Barre,VT
Bennington,VT
Benson,VT
Bradford,VT
Brandon,VT
Brattleboro,VT
Brattleborough,VT
Brookfield,VT
burlington,VT
Burlington,VT
Calais,VT
Cavendish,VT
Chelsea,VT
Chester,VT
Cornwall,VT
Derby,VT
Dorset,VT
East Calais,VT
East Dorset,VT
Fair Haven,VT
Felchville,VT
Grafton,VT
Grand-Isle,VT
Guilford,VT
Hartford,VT
Hinesburgh,VT
Hyde Park,VT
Irasburg,VT
Lowell,VT
Lunenburgh,VT
Manchester,VT
Marlborough,VT
Middleburg,VT
Middlebury,VT
Middletown Springs,VT
Montpelier,VT
New Hampton,VT
New Haven,VT
Newbury,VT
Newfone,VT
Northfield,VT
Orwell,VT
Pawlet,VT
Peacham,VT
Pittsfield,VT
Pittsford,VT
Pomfret,VT
Post Mills Village,VT
Poultney,VT
Proctorsville,VT
Reading,VT
Rochester,VT
Rockingham,VT
Royalton,VT
Rupert,VT
Rutland,VT
Ryegate,VT
Shoreham,VT
Springfield,VT
St. Albans,VT
St. Johnsburg,VT
St. Johnsbury,VT
Stafford,VT
Stowe,VT
Sutton,VT
Thetford,VT
Vergennes,VT
Vernon,VT
Wallingford,VT
Wells River,VT
West Randolph,VT
West Windsor,VT
Weston,VT
Williamstown,VT
Wilmington,VT
Windsor,VT
Woodstock,VT
Astoria,WA
Colville,WA
Ft. Vancouver,WA
Olympia,WA
Port Madison,WA
Seattle,WA
Spokane,WA
Steilacoom,WA
Vancouver,WA
Walla Walla,WA
Washington City,WA
Allen's Grove,WI
Appleton,WI
Astor,WI
Bayfield,WI
Beaver Dam,WI
Belleville,WI
Beloit,WI
Black River Falls,WI
Bloomington,WI
De Pere,WI
Delafield / Nashotah,WI
Delavan,WI
Du Lac,WI
Eau Claire,WI
Fond du Lac,WI
Fort Atkinson,WI
Fort Howard,WI
Fox Lake,WI
Franklin,WI
Fremont,WI
Galesville,WI
Gilmanton,WI
Hudson,WI
Iturgeon Bay,WI
Jamesville,WI
Janesville,WI
Kenosha,WI
Kewanee,WI
LaCrosse,WI
Madison,WI
Manitowoc,WI
Manston,WI
Mendota,WI
Menominee,WI
Milton,WI
Milwaukee,WI
Monroe,WI
Near Milwaukee,WI
Neenah,WI
New Holstein,WI
Oshkosh,WI
Pewaukee,WI
Platteville,WI
Prairie du Chien,WI
Racine,WI
Racine Junction,WI
Ripon,WI
Sheboygan,WI
Sheboygan Falls,WI
Sinsinawa,WI
Sinsinawa Mound,WI
Sparta,WI
Spring Green,WI
St. Francis,WI
Stevens Point,WI
Superior,WI
Wanpoca,WI
Warikesha,WI
Watertown,WI
Waukesha,WI
Waupun,WI
Wausau,WI
West Allis,WI
Winnebago,WI
NA,WI
Barnesville,WV
bethany,WV
Bethany,WV
Bethany College,WV
Charles Town,WV
Charleston,WV
Charlestown,WV
Flemington,WV
Guyandotte,WV
Harper's Ferry,WV
Harpers Ferry,WV
Lewisburg,WV
Martinsburg,WV
Morgantown,WV
Moundsville,WV
New Cumberland,WV
Ohio County,WV
Parkensburg,WV
Parkersburg,WV
Preston,WV
Preston county,WV
Preston County,WV
Pruntytown,WV
Sheperdstown,WV
Shepherds town,WV
Wellsburg,WV
Weston,WV
Wheeling,WV
Bridger,WY
Cheyenne,WY
Fetterman,WY
Fort D.A. Russell?,WY
Fort Laramie,WY
Ft. D.A. Russell,WY
Ft. Fred Steele,WY
Laramie,WY
Sanders,WY
NA,WY